file,correct-label,pred-label,certainty_real,certainty_fake
/Users/christiankilduff/Deepfake_Detection_Resources/yt-and-dailymotion-selections/collected/audio/soundscape-dataset/eval/fake-isolated/PanicAtTheDisco-WhatCouldHaveBeenfromARCANE-CoverAIMusicVideo_sep.mp3,Fake,Real,0.5185503653767507,0.4800985520744759
/Users/christiankilduff/Deepfake_Detection_Resources/yt-and-dailymotion-selections/collected/audio/soundscape-dataset/eval/fake-isolated/FrankSinatra-FlyMeToTheMoon(YukineAiCover)_sep.mp3,Fake,Real,0.6239548942095199,0.37525739991805396
/Users/christiankilduff/Deepfake_Detection_Resources/yt-and-dailymotion-selections/collected/audio/soundscape-dataset/eval/fake-isolated/TaylorSwift-TheHills(A.I.Cover)_sep.mp3,Fake,Real,0.6553858824344598,0.343877091550754
/Users/christiankilduff/Deepfake_Detection_Resources/yt-and-dailymotion-selections/collected/audio/soundscape-dataset/eval/fake-isolated/NeverSmileatACrocodile-Kida(AICover)_sep.mp3,Fake,Real,0.505547391648967,0.4939428491993264
/Users/christiankilduff/Deepfake_Detection_Resources/yt-and-dailymotion-selections/collected/audio/soundscape-dataset/eval/fake-isolated/TaylorSwift-Friends‚ß∏aicover_sep.mp3,Fake,Real,0.7409982901888582,0.25818631074770226
/Users/christiankilduff/Deepfake_Detection_Resources/yt-and-dailymotion-selections/collected/audio/soundscape-dataset/eval/fake-isolated/Throughthestorms-COVERSONGBYAI_sep.mp3,Fake,Real,0.6168244352297845,0.382731946825338
/Users/christiankilduff/Deepfake_Detection_Resources/yt-and-dailymotion-selections/collected/audio/soundscape-dataset/eval/fake-isolated/TheWeeknd-NothingElseMatters(AICover)_sep.mp3,Fake,Real,0.6115315996367523,0.3866716674817629
/Users/christiankilduff/Deepfake_Detection_Resources/yt-and-dailymotion-selections/collected/audio/soundscape-dataset/eval/fake-isolated/TheWeeknd-Diamonds(AiCover)#aicover#theweeknd#shorts#short_sep.mp3,Fake,Fake,0.4985420538796461,0.5014441400999203
/Users/christiankilduff/Deepfake_Detection_Resources/yt-and-dailymotion-selections/collected/audio/soundscape-dataset/eval/fake-isolated/WhenYou'reinLoveWithaBeautifulWomanbyDrHook(AICover)_sep.mp3,Fake,Real,0.8566987302875606,0.1417660813981579
/Users/christiankilduff/Deepfake_Detection_Resources/yt-and-dailymotion-selections/collected/audio/soundscape-dataset/eval/fake-isolated/ArianaGrande-KINGS-(BikiniAiCover)_sep.mp3,Fake,Real,0.6707585994164724,0.32836248894131537
/Users/christiankilduff/Deepfake_Detection_Resources/yt-and-dailymotion-selections/collected/audio/soundscape-dataset/eval/fake-isolated/LETMELOVEYOU-JustinBieber-CoverSONG_sep.mp3,Fake,Real,0.5453941786534346,0.45367037998248805
/Users/christiankilduff/Deepfake_Detection_Resources/yt-and-dailymotion-selections/collected/audio/soundscape-dataset/eval/fake-isolated/AiSongXXXTentacion-MarvinsRoom(DrakeCover)_sep.mp3,Fake,Real,0.5590750690065761,0.44050107201019273
/Users/christiankilduff/Deepfake_Detection_Resources/yt-and-dailymotion-selections/collected/audio/soundscape-dataset/eval/fake-isolated/BrunoMars-LockedOutOfHeaven-COVERSONGThisARGENTINIANGirlHasAnINCREDIBLEVoice_sep.mp3,Fake,Real,0.7322914603469144,0.2662399011202865
/Users/christiankilduff/Deepfake_Detection_Resources/yt-and-dailymotion-selections/collected/audio/soundscape-dataset/eval/fake-isolated/TheWeeknd-NievesDeEnero(AICOVER)_sep.mp3,Fake,Real,0.6280913474704062,0.3705357220784414
/Users/christiankilduff/Deepfake_Detection_Resources/yt-and-dailymotion-selections/collected/audio/soundscape-dataset/eval/fake-isolated/TzancaUraganu-MoreThan100(AICover)_sep.mp3,Fake,Real,0.6351509517959063,0.36355591412023014
/Users/christiankilduff/Deepfake_Detection_Resources/yt-and-dailymotion-selections/collected/audio/soundscape-dataset/eval/fake-isolated/AiSongFrankSinatra-Creep(RadioHeadCover)_sep.mp3,Fake,Real,0.6323148684792353,0.3670141757545588
/Users/christiankilduff/Deepfake_Detection_Resources/yt-and-dailymotion-selections/collected/audio/soundscape-dataset/eval/fake-isolated/ArianaGrande-WhoSays‚ß∏AIcover(SelenaGomez)_sep.mp3,Fake,Real,0.7741113113391597,0.22419226189182004
"/Users/christiankilduff/Deepfake_Detection_Resources/yt-and-dailymotion-selections/collected/audio/soundscape-dataset/eval/fake-isolated/LetItSnow(BrainrotEdition)Ohio,Ohio,OhioAIParodycover(lyricsbynotjewboi)-Discobre(144p,h264,youtube)_sep.mp3",Fake,Real,0.55902206107436,0.4387499781292624
/Users/christiankilduff/Deepfake_Detection_Resources/yt-and-dailymotion-selections/collected/audio/soundscape-dataset/eval/fake-isolated/TheWeeknd-RocketMan(AIcover)_sep.mp3,Fake,Real,0.6319136021275757,0.36650685507171415
/Users/christiankilduff/Deepfake_Detection_Resources/yt-and-dailymotion-selections/collected/audio/soundscape-dataset/eval/fake-isolated/Beyonce-HumanNature[AICover]-MichaelJackson_sep.mp3,Fake,Real,0.5567584664509703,0.4418422616062427
/Users/christiankilduff/Deepfake_Detection_Resources/yt-and-dailymotion-selections/collected/audio/soundscape-dataset/eval/fake-isolated/Wutheringheights‚ß∏Dizzyaicover_sep.mp3,Fake,Fake,0.3067164883485769,0.6928255235269556
/Users/christiankilduff/Deepfake_Detection_Resources/yt-and-dailymotion-selections/collected/audio/soundscape-dataset/eval/fake-isolated/[AICOVER]BiggeringÔΩúTaylorSwift_sep.mp3,Fake,Real,0.641272834604509,0.35677501640590586
/Users/christiankilduff/Deepfake_Detection_Resources/yt-and-dailymotion-selections/collected/audio/soundscape-dataset/eval/fake-isolated/BTS-‚ÄòSeven‚ÄôAIcoverlyrics(Eng)orignalJungkookft.Latto_sep.mp3,Fake,Real,0.7955668025161786,0.20394107946134074
/Users/christiankilduff/Deepfake_Detection_Resources/yt-and-dailymotion-selections/collected/audio/soundscape-dataset/eval/fake-isolated/That‚ÄôsSoTrue-COVERSONGBYAI_sep.mp3,Fake,Real,0.6156725188923511,0.38378143721756924
/Users/christiankilduff/Deepfake_Detection_Resources/yt-and-dailymotion-selections/collected/audio/soundscape-dataset/eval/fake-isolated/VirgosGroove-ArianaGrandeAiÂΩ°-SlowedReverb_sep.mp3,Fake,Real,0.8010017325620592,0.1980704105112547
"/Users/christiankilduff/Deepfake_Detection_Resources/yt-and-dailymotion-selections/collected/audio/soundscape-dataset/eval/fake-isolated/[A.I.]2Pacft.NateDogg&SnoopDogg,Weeknd-CuriousÔΩúNEW2024LYRICS_sep.mp3",Fake,Real,0.7543794191159051,0.24485819833681857
/Users/christiankilduff/Deepfake_Detection_Resources/yt-and-dailymotion-selections/collected/audio/soundscape-dataset/eval/fake-isolated/Beyonce-RPM(A.ICover)_sep.mp3,Fake,Real,0.8792083971558087,0.12035711217484074
/Users/christiankilduff/Deepfake_Detection_Resources/yt-and-dailymotion-selections/collected/audio/soundscape-dataset/eval/fake-isolated/Myboat-COVERBYAI_sep.mp3,Fake,Real,0.562617115898691,0.43681060697818624
/Users/christiankilduff/Deepfake_Detection_Resources/yt-and-dailymotion-selections/collected/audio/soundscape-dataset/eval/fake-isolated/WeekndxKanyexManiacbyStardOvaxAImade(TikTokEdit)_sep.mp3,Fake,Real,0.7279562815968926,0.2711809817877965
/Users/christiankilduff/Deepfake_Detection_Resources/yt-and-dailymotion-selections/collected/audio/soundscape-dataset/eval/fake-isolated/ArianaGrande[AI]-SorryNotSorry(DemiLovato)_sep.mp3,Fake,Real,0.6741326579741144,0.32416972589067883
/Users/christiankilduff/Deepfake_Detection_Resources/yt-and-dailymotion-selections/collected/audio/soundscape-dataset/eval/fake-isolated/TaylorSwift&TheDeepfakeAIDilemmaEp.136_sep.mp3,Fake,Real,0.5035496159181932,0.4947869474384998
/Users/christiankilduff/Deepfake_Detection_Resources/yt-and-dailymotion-selections/collected/audio/soundscape-dataset/eval/fake-isolated/TheWeeknd-VersaceontheFloor(AiCover)_sep.mp3,Fake,Real,0.5743101360800816,0.4239846296093977
/Users/christiankilduff/Deepfake_Detection_Resources/yt-and-dailymotion-selections/collected/audio/soundscape-dataset/eval/fake-isolated/‚ÄúBeautifulThings‚ÄùFreddieMercury(AIcover)_sep.mp3,Fake,Real,0.5958667339125115,0.4021776054827829
/Users/christiankilduff/Deepfake_Detection_Resources/yt-and-dailymotion-selections/collected/audio/soundscape-dataset/eval/fake-isolated/bts&paradiseftArianagrandeAI_sep.mp3,Fake,Real,0.7694239462083575,0.22922695039037186
/Users/christiankilduff/Deepfake_Detection_Resources/yt-and-dailymotion-selections/collected/audio/soundscape-dataset/eval/fake-isolated/GOKU-SINGINGCUPID(COVERAI)_sep.mp3,Fake,Real,0.638034780992062,0.3602744671952678
/Users/christiankilduff/Deepfake_Detection_Resources/yt-and-dailymotion-selections/collected/audio/soundscape-dataset/eval/fake-isolated/BadBunnyftArianaGrande‚ÄìMoscowMule_sep.mp3,Fake,Real,0.6526416829837087,0.3458016877499696
/Users/christiankilduff/Deepfake_Detection_Resources/yt-and-dailymotion-selections/collected/audio/soundscape-dataset/eval/fake-isolated/EndlessDream-COVERSONGBYAI_sep.mp3,Fake,Fake,0.2991084155751302,0.7006463200854933
/Users/christiankilduff/Deepfake_Detection_Resources/yt-and-dailymotion-selections/collected/audio/soundscape-dataset/eval/fake-isolated/TaylorSwift-Imagination(AICover)(feat.ShawnMendes)_sep.mp3,Fake,Real,0.5896208296905604,0.40904550960058933
/Users/christiankilduff/Deepfake_Detection_Resources/yt-and-dailymotion-selections/collected/audio/soundscape-dataset/eval/fake-isolated/TaylorSwift-Famous(AICover)_sep.mp3,Fake,Real,0.7768355297104085,0.22245102955862328
/Users/christiankilduff/Deepfake_Detection_Resources/yt-and-dailymotion-selections/collected/audio/soundscape-dataset/eval/fake-isolated/TheBublicGamerGangSingsÔºÇTheCoolAlphabetSongÔºÇ(DidiPopVersion)(AiCover)_sep.mp3,Fake,Real,0.5089321705751786,0.4898354535196745
/Users/christiankilduff/Deepfake_Detection_Resources/yt-and-dailymotion-selections/collected/audio/soundscape-dataset/eval/bonafide-isolated/WingslyricsMacMiller(Swimming)_sep.mp3,Real,Real,0.5573001314227323,0.4405496843947115
/Users/christiankilduff/Deepfake_Detection_Resources/yt-and-dailymotion-selections/collected/audio/soundscape-dataset/eval/bonafide-isolated/TheWeeknd-FalseAlarm(OfficialVideo)_sep.mp3,Real,Real,0.6131916102638697,0.38426165262886613
/Users/christiankilduff/Deepfake_Detection_Resources/yt-and-dailymotion-selections/collected/audio/soundscape-dataset/eval/bonafide-isolated/ChappellRoan-PictureYou(Lyric)_sep.mp3,Real,Real,0.6372364402341191,0.3611939962471376
/Users/christiankilduff/Deepfake_Detection_Resources/yt-and-dailymotion-selections/collected/audio/soundscape-dataset/eval/bonafide-isolated/Drake-SayWhat'sReal(Lyrics)_sep.mp3,Real,Real,0.7263453027593194,0.2726801647618311
/Users/christiankilduff/Deepfake_Detection_Resources/yt-and-dailymotion-selections/collected/audio/soundscape-dataset/eval/bonafide-isolated/SORRYNOTSORRY_sep.mp3,Real,Real,0.7112740113253833,0.286969395953658
"/Users/christiankilduff/Deepfake_Detection_Resources/yt-and-dailymotion-selections/collected/audio/soundscape-dataset/eval/bonafide-isolated/Drake-TwoBirds,OneStone(Lyrics)_sep.mp3",Real,Real,0.6515284664734887,0.3473481980669787
/Users/christiankilduff/Deepfake_Detection_Resources/yt-and-dailymotion-selections/collected/audio/soundscape-dataset/eval/bonafide-isolated/TheWeeknd-TellYourFriends(OfficialVideo)_sep.mp3,Real,Real,0.6376578952686032,0.36107261948922087
/Users/christiankilduff/Deepfake_Detection_Resources/yt-and-dailymotion-selections/collected/audio/soundscape-dataset/eval/bonafide-isolated/BobDylan-ShelterfromtheStorm(OfficialAudio)_sep.mp3,Real,Fake,0.49432648213696667,0.5049109327491411
/Users/christiankilduff/Deepfake_Detection_Resources/yt-and-dailymotion-selections/collected/audio/soundscape-dataset/eval/bonafide-isolated/TheBeatles-HeyJude_sep.mp3,Real,Real,0.615704794079707,0.3802795687536926
/Users/christiankilduff/Deepfake_Detection_Resources/yt-and-dailymotion-selections/collected/audio/soundscape-dataset/eval/bonafide-isolated/Drake-BuriedAliveInterludeft.KendrickLamar(Lyrics)_sep.mp3,Real,Real,0.7787382067889101,0.22034364154781025
/Users/christiankilduff/Deepfake_Detection_Resources/yt-and-dailymotion-selections/collected/audio/soundscape-dataset/eval/bonafide-isolated/Adele-Hello(LiveattheNRJAwards)_sep.mp3,Real,Real,0.6879718599122594,0.3105056608187624
/Users/christiankilduff/Deepfake_Detection_Resources/yt-and-dailymotion-selections/collected/audio/soundscape-dataset/eval/bonafide-isolated/DuaLipa-DanceTheNight(FromBarbieTheAlbum)[OfficialMusicVideo]_sep.mp3,Real,Real,0.7557101327637121,0.24277236673900077
/Users/christiankilduff/Deepfake_Detection_Resources/yt-and-dailymotion-selections/collected/audio/soundscape-dataset/eval/bonafide-isolated/Eminem-LoveTheWayYouLie(Lyrics)ft.Rihanna_sep.mp3,Real,Real,0.5328516811847069,0.4655754890777083
/Users/christiankilduff/Deepfake_Detection_Resources/yt-and-dailymotion-selections/collected/audio/soundscape-dataset/eval/bonafide-isolated/SelfCarelyricsvideoMacMiller_sep.mp3,Real,Real,0.5900764822035853,0.40910413598303846
/Users/christiankilduff/Deepfake_Detection_Resources/yt-and-dailymotion-selections/collected/audio/soundscape-dataset/eval/bonafide-isolated/TheWeeknd-BlindingLights(OfficialAudio)_sep.mp3,Real,Real,0.605608363026986,0.3917697446815873
/Users/christiankilduff/Deepfake_Detection_Resources/yt-and-dailymotion-selections/collected/audio/soundscape-dataset/eval/bonafide-isolated/EverSinceNewYork-HarryStyles(Lyrics)_sep.mp3,Real,Fake,0.41950144983908805,0.5784970520003445
/Users/christiankilduff/Deepfake_Detection_Resources/yt-and-dailymotion-selections/collected/audio/soundscape-dataset/eval/bonafide-isolated/Coldplay-TheScientist(Official4KVideo)_sep.mp3,Real,Real,0.49920298074269365,0.4984787645938041
/Users/christiankilduff/Deepfake_Detection_Resources/yt-and-dailymotion-selections/collected/audio/soundscape-dataset/eval/bonafide-isolated/makeupÔΩúÔΩúArianaGrandeLyrics_sep.mp3,Real,Real,0.7351077997119448,0.2628870305858852
/Users/christiankilduff/Deepfake_Detection_Resources/yt-and-dailymotion-selections/collected/audio/soundscape-dataset/eval/bonafide-isolated/TaylorSwift-Should'veSaidNo(Lyrics)_sep.mp3,Real,Real,0.6023923584876077,0.39669150380632345
/Users/christiankilduff/Deepfake_Detection_Resources/yt-and-dailymotion-selections/collected/audio/soundscape-dataset/eval/bonafide-isolated/LastOfMyKind(feat.PaulCauthen)_sep.mp3,Real,Real,0.6118817590584513,0.38615001039950586
/Users/christiankilduff/Deepfake_Detection_Resources/yt-and-dailymotion-selections/collected/audio/soundscape-dataset/eval/bonafide-isolated/EARFQUAKE_sep.mp3,Real,Real,0.5806179096681707,0.41823623421120654
"/Users/christiankilduff/Deepfake_Detection_Resources/yt-and-dailymotion-selections/collected/audio/soundscape-dataset/eval/bonafide-isolated/BlueIvy-BlackParadeIntro(LivePerformanceRenaissanceWorldTour-Spain,Barcelona2023)._sep.mp3",Real,Real,0.9377068996429443,0.05999479037709534
/Users/christiankilduff/Deepfake_Detection_Resources/yt-and-dailymotion-selections/collected/audio/soundscape-dataset/eval/bonafide-isolated/TravisScott-THANKGOD-Lyrics_sep.mp3,Real,Real,0.6585838327084038,0.33942299223219935
/Users/christiankilduff/Deepfake_Detection_Resources/yt-and-dailymotion-selections/collected/audio/soundscape-dataset/eval/bonafide-isolated/ChappellRoan-Coffee(Lyric)_sep.mp3,Real,Real,0.6336293112832994,0.3657550591150557
/Users/christiankilduff/Deepfake_Detection_Resources/yt-and-dailymotion-selections/collected/audio/soundscape-dataset/eval/bonafide-isolated/BobDylan-LikeaRollingStone(OfficialAudio)_sep.mp3,Real,Fake,0.456230169137792,0.5421624381207049
/Users/christiankilduff/Deepfake_Detection_Resources/yt-and-dailymotion-selections/collected/audio/soundscape-dataset/eval/bonafide-isolated/JustinBieber-Anyone_sep.mp3,Real,Real,0.5706300746886812,0.4288059401267394
/Users/christiankilduff/Deepfake_Detection_Resources/yt-and-dailymotion-selections/collected/audio/soundscape-dataset/eval/bonafide-isolated/DOGTOOTH_sep.mp3,Real,Real,0.7731057717537624,0.22574073246578336
/Users/christiankilduff/Deepfake_Detection_Resources/yt-and-dailymotion-selections/collected/audio/soundscape-dataset/eval/bonafide-isolated/LoveTheWayYouLie(PartII)(Pt.2)_sep.mp3,Real,Real,0.5838573696530295,0.41388380153885745
/Users/christiankilduff/Deepfake_Detection_Resources/yt-and-dailymotion-selections/collected/audio/soundscape-dataset/eval/bonafide-isolated/PostMalone-Reputation(Lyrics)_sep.mp3,Real,Real,0.6734401716498921,0.32475436006401043
/Users/christiankilduff/Deepfake_Detection_Resources/yt-and-dailymotion-selections/collected/audio/soundscape-dataset/eval/bonafide-isolated/Drake-TheHeartPart6(Lyrics)_sep.mp3,Real,Real,0.6957972098755784,0.30334711213728033
/Users/christiankilduff/Deepfake_Detection_Resources/yt-and-dailymotion-selections/collected/audio/soundscape-dataset/eval/bonafide-isolated/TateMcRae-greedy(OfficialVideo)_sep.mp3,Real,Real,0.7435934514597695,0.25560109515055573
/Users/christiankilduff/Deepfake_Detection_Resources/yt-and-dailymotion-selections/collected/audio/soundscape-dataset/eval/bonafide-isolated/BeyonceÃÅ&JayZ-BlackEffect(Live)_sep.mp3,Real,Real,0.6852745144235086,0.31175534642254205
/Users/christiankilduff/Deepfake_Detection_Resources/yt-and-dailymotion-selections/collected/audio/soundscape-dataset/eval/bonafide-isolated/breathinÔΩúÔΩúArianaGrandeLyrics_sep.mp3,Real,Real,0.6803449182414772,0.3175581352190086
/Users/christiankilduff/Deepfake_Detection_Resources/yt-and-dailymotion-selections/collected/audio/soundscape-dataset/eval/bonafide-isolated/Coldplay-Paradise(OfficialVideo)_sep.mp3,Real,Real,0.6190463774658453,0.37931438245745647
/Users/christiankilduff/Deepfake_Detection_Resources/yt-and-dailymotion-selections/collected/audio/soundscape-dataset/eval/bonafide-isolated/TheWeeknd-AloneAgain(Lyrics)_sep.mp3,Real,Real,0.5747825407702147,0.42345458984997214
/Users/christiankilduff/Deepfake_Detection_Resources/yt-and-dailymotion-selections/collected/audio/soundscape-dataset/eval/bonafide-isolated/BrunoMars‚ÄìVersaceontheFloor(Lyrics)_sep.mp3,Real,Real,0.5590063095825966,0.439662903514825
/Users/christiankilduff/Deepfake_Detection_Resources/yt-and-dailymotion-selections/collected/audio/soundscape-dataset/eval/bonafide-isolated/TaylorSwift-ColdAsYou(Lyrics)_sep.mp3,Real,Real,0.6150304477602531,0.3837987269963393
/Users/christiankilduff/Deepfake_Detection_Resources/yt-and-dailymotion-selections/collected/audio/soundscape-dataset/eval/bonafide-isolated/Hozier-SomeoneNew(Lyrics)_sep.mp3,Real,Real,0.6376845786480275,0.36065676927947526
/Users/christiankilduff/Deepfake_Detection_Resources/yt-and-dailymotion-selections/collected/audio/soundscape-dataset/eval/bonafide-isolated/1HourCleanPopSongsPlaylistüéßCleanPopPlaylist2025üé∂CleanPopMusicMixüéµCleanPopMix_sep.mp3,Real,Real,0.6083959155771345,0.3903669918933507
/Users/christiankilduff/Deepfake_Detection_Resources/yt-and-dailymotion-selections/collected/audio/soundscape-dataset/eval/bonafide-isolated/Drake-KnowYourself(Lyrics)_sep.mp3,Real,Real,0.5278594050471784,0.471500587548208
/Users/christiankilduff/Deepfake_Detection_Resources/yt-and-dailymotion-selections/collected/audio/soundscape-dataset/eval/bonafide-isolated/Eminem-TragicEndings(Lyrics)ft.SkylarGrey_sep.mp3,Real,Real,0.6628357977440048,0.33544998696801026
/Users/christiankilduff/Deepfake_Detection_Resources/yt-and-dailymotion-selections/collected/audio/soundscape-dataset/eval/bonafide-isolated/dejavu_sep.mp3,Real,Real,0.562630355522176,0.4354496368603852
/Users/christiankilduff/Deepfake_Detection_Resources/yt-and-dailymotion-selections/collected/audio/soundscape-dataset/eval/bonafide-isolated/ZachBryan-NineBall_sep.mp3,Real,Real,0.6899343624176081,0.30873478896371254
/Users/christiankilduff/Deepfake_Detection_Resources/yt-and-dailymotion-selections/collected/audio/soundscape-dataset/eval/bonafide-isolated/TheWeeknd-OutofTime(OfficialVideo)_sep.mp3,Real,Real,0.5735046846587873,0.4237815129089195
/Users/christiankilduff/Deepfake_Detection_Resources/yt-and-dailymotion-selections/collected/audio/soundscape-dataset/eval/bonafide-isolated/ChappellRoan-Kaleidoscope(Lyric)_sep.mp3,Real,Real,0.5398910176890653,0.458883941685384
/Users/christiankilduff/Deepfake_Detection_Resources/yt-and-dailymotion-selections/collected/audio/soundscape-dataset/eval/bonafide-isolated/KissItBetter_sep.mp3,Real,Real,0.7220521070201011,0.27647284236353165
/Users/christiankilduff/Deepfake_Detection_Resources/yt-and-dailymotion-selections/collected/audio/soundscape-dataset/eval/bonafide-isolated/MichaelJackson‚ÄìWillYouBeThereLyrics_sep.mp3,Real,Real,0.7832739457202313,0.21555432381514533
/Users/christiankilduff/Deepfake_Detection_Resources/yt-and-dailymotion-selections/collected/audio/soundscape-dataset/eval/bonafide-isolated/ArianaGrande-Raindrops+GodIsAWomanÔΩúDVDSweetenerWorldTourLive[HD]_sep.mp3,Real,Real,0.7131427074461915,0.28581615636071317
/Users/christiankilduff/Deepfake_Detection_Resources/yt-and-dailymotion-selections/collected/audio/soundscape-dataset/eval/bonafide-isolated/ArianaGrande-SweetenerÔΩúDVDSweetenerWorldTourLive[HD]_sep.mp3,Real,Real,0.8508076753472172,0.14821860435495182
/Users/christiankilduff/Deepfake_Detection_Resources/yt-and-dailymotion-selections/collected/audio/soundscape-dataset/eval/bonafide-isolated/TheWeeknd-BlindingLights(OfficialVideo)_sep.mp3,Real,Real,0.6056687151483717,0.39336558626125157
/Users/christiankilduff/Deepfake_Detection_Resources/yt-and-dailymotion-selections/collected/audio/soundscape-dataset/eval/bonafide-isolated/ArianaGrande-BrokenPromises(Audio)_sep.mp3,Real,Real,0.7931211417944724,0.20614552694087251
/Users/christiankilduff/Deepfake_Detection_Resources/yt-and-dailymotion-selections/collected/audio/soundscape-dataset/eval/bonafide-isolated/Kiwi-HarryStyles(Lyrics)_sep.mp3,Real,Real,0.719060360385232,0.27900742661222466
/Users/christiankilduff/Deepfake_Detection_Resources/yt-and-dailymotion-selections/collected/audio/soundscape-dataset/eval/bonafide-isolated/SweetCreature-HarryStyles(Lyrics)_sep.mp3,Real,Fake,0.4599332813038148,0.5374859334324356
/Users/christiankilduff/Deepfake_Detection_Resources/yt-and-dailymotion-selections/collected/audio/soundscape-dataset/eval/bonafide-isolated/DunnolyricsMacMiller(Swimming)_sep.mp3,Real,Fake,0.4880753478515791,0.511414454317843
/Users/christiankilduff/Deepfake_Detection_Resources/yt-and-dailymotion-selections/collected/audio/soundscape-dataset/eval/bonafide-isolated/ArianaGrande-consequences(lyricvideo)ÔΩú(OneLastTimeRemix)_sep.mp3,Real,Real,0.6416526839757959,0.35712021561648727
/Users/christiankilduff/Deepfake_Detection_Resources/yt-and-dailymotion-selections/collected/audio/soundscape-dataset/eval/bonafide-isolated/TaylorSwift-TheOutside(Lyrics)_sep.mp3,Real,Real,0.5539071751122452,0.44492492763275354
/Users/christiankilduff/Deepfake_Detection_Resources/yt-and-dailymotion-selections/collected/audio/soundscape-dataset/eval/bonafide-isolated/ChappellRoan-HOTTOGO!(Lyric)_sep.mp3,Real,Real,0.8105956198829201,0.1873356137799103
